id,journal,year,paper_title,doi,artifact,number,pdf_page,title,type,formal_page,source_pdf,replication_link,supplement_link,code_status,access_method,rights_note,crop_mode,label_detection,perceptual_hash,width_px,height_px,image
APSR-F-001,APSR,2026,A New Measure of Affective Polarization,10.1017/s0003055425000255,figure,2,13,"APS, Subdimensions, and Warmth Bias Predicting Anti-Democratic Attitudes",coefficient-forest,https://doi.org/10.1017/s0003055425000255,https://www.cambridge.org/core/services/aop-cambridge-core/content/view/DEF7FCC26D4F09BDE5603BCC02B4765D/S0003055425000255a.pdf/div-class-title-a-new-measure-of-affective-polarization-div.pdf,https://doi.org/10.7910/DVN/YMKFPZ,,exact-source,lawful open-access repository or publisher OA page,Local scholarly-review excerpt; copyright remains with the publisher/authors. Not included in the portable skill archive.,heading-fixed-figure-window,uppercase-label,3337333737333307,1436,1735,figures/APSR/APSR-F-001.png
APSR-F-002,APSR,2026,A New Measure of Affective Polarization,10.1017/s0003055425000255,figure,4,15,Marginal Effects of APS and Subdimensions,marginal-predicted,https://doi.org/10.1017/s0003055425000255,https://www.cambridge.org/core/services/aop-cambridge-core/content/view/DEF7FCC26D4F09BDE5603BCC02B4765D/S0003055425000255a.pdf/div-class-title-a-new-measure-of-affective-polarization-div.pdf,https://doi.org/10.7910/DVN/YMKFPZ,,exact-source,lawful open-access repository or publisher OA page,Local scholarly-review excerpt; copyright remains with the publisher/authors. Not included in the portable skill archive.,heading-through-note,uppercase-label,2317973313139383,1436,1007,figures/APSR/APSR-F-002.png
APSR-F-003,APSR,2026,Attitudinal and Behavioral Legacies of Wartime Violence: A Meta-Analysis,10.1017/s0003055425101299,figure,1,8,Descriptive Overview of Studies on the Attitudinal and Behavioral Consequences of Wartime Violence,coefficient-forest,https://doi.org/10.1017/s0003055425101299,https://www.cambridge.org/core/services/aop-cambridge-core/content/view/0E2A4B25C8E2760CD985618FD3A54C1A/S0003055425101299a.pdf/div-class-title-attitudinal-and-behavioral-legacies-of-wartime-violence-a-meta-analysis-div.pdf,https://doi.org/10.7910/DVN/BPVYFD,,exact-source,lawful open-access repository or publisher OA page,Local scholarly-review excerpt; copyright remains with the publisher/authors. Not included in the portable skill archive.,heading-fixed-figure-window,uppercase-label,191786351912161c,1436,1735,figures/APSR/APSR-F-003.png
APSR-F-004,APSR,2026,"Black Troops, White Rage, and Political Violence in the Postbellum American South",10.1017/s0003055424001187,figure,1,8,"Black Federal Troops in the American South, 1865-1866",map-spatial,https://doi.org/10.1017/s0003055424001187,https://www.cambridge.org/core/services/aop-cambridge-core/content/view/B6AB2CA8F0FF16CDAADAE6FE20C1852A/S0003055424001187a.pdf/div-class-title-black-troops-white-rage-and-political-violence-in-the-postbellum-american-south-div.pdf,https://doi.org/10.7910/DVN/PZCXQZ,,exact-source,lawful open-access repository or publisher OA page,Local scholarly-review excerpt; copyright remains with the publisher/authors. Not included in the portable skill archive.,heading-fixed-figure-window,uppercase-label,463e7841660e3e53,1436,1735,figures/APSR/APSR-F-004.png
APSR-F-005,APSR,2026,"Black Troops, White Rage, and Political Violence in the Postbellum American South",10.1017/s0003055424001187,figure,5,12,Effects of Past White and Black Troop Occupation on Lynching Over Time,time-series,https://doi.org/10.1017/s0003055424001187,https://www.cambridge.org/core/services/aop-cambridge-core/content/view/B6AB2CA8F0FF16CDAADAE6FE20C1852A/S0003055424001187a.pdf/div-class-title-black-troops-white-rage-and-political-violence-in-the-postbellum-american-south-div.pdf,https://doi.org/10.7910/DVN/PZCXQZ,,exact-source,lawful open-access repository or publisher OA page,Local scholarly-review excerpt; copyright remains with the publisher/authors. Not included in the portable skill archive.,heading-through-note,uppercase-label,13028b9bca4b4a23,1436,1028,figures/APSR/APSR-F-005.png
APSR-F-006,APSR,2026,Causal Panel Analysis under Parallel Trends: Lessons from a Large Reanalysis Study,10.1017/s0003055425000243,figure,1,4,Toy Examples: TWFE Assumptions Satisfied vs. Violated 20,design-theory,https://doi.org/10.1017/s0003055425000243,https://www.cambridge.org/core/services/aop-cambridge-core/content/view/219275E0CE901F099F2CFFBA07079243/S0003055425000243a.pdf/div-class-title-causal-panel-analysis-under-parallel-trends-lessons-from-a-large-reanalysis-study-div.pdf,https://doi.org/10.7910/DVN/9RJFZF,,not-found,lawful open-access repository or publisher OA page,Local scholarly-review excerpt; copyright remains with the publisher/authors. Not included in the portable skill archive.,heading-through-note,uppercase-label,4d12332596136547,1436,1400,figures/APSR/APSR-F-006.png
APSR-F-007,APSR,2026,Causal Panel Analysis under Parallel Trends: Lessons from a Large Reanalysis Study,10.1017/s0003055425000243,figure,5,15,Event-Study Plots w/ Imputation Estimator,event-study,https://doi.org/10.1017/s0003055425000243,https://www.cambridge.org/core/services/aop-cambridge-core/content/view/219275E0CE901F099F2CFFBA07079243/S0003055425000243a.pdf/div-class-title-causal-panel-analysis-under-parallel-trends-lessons-from-a-large-reanalysis-study-div.pdf,https://doi.org/10.7910/DVN/9RJFZF,,not-found,lawful open-access repository or publisher OA page,Local scholarly-review excerpt; copyright remains with the publisher/authors. Not included in the portable skill archive.,heading-fixed-figure-window,uppercase-label,150d5d4351115307,1436,1735,figures/APSR/APSR-F-007.png
APSR-F-008,APSR,2026,"Claimability in International Relations: Oil Discoveries, Territorial Claims, and Interstate Conflicts",10.1017/s0003055425101366,figure,2,8,Claimable and Disputable Areas in 2012,map-spatial,https://doi.org/10.1017/s0003055425101366,https://www.cambridge.org/core/services/aop-cambridge-core/content/view/4143DB2929EA35AAAFEAA7BAF5E1016F/S0003055425101366a.pdf/div-class-title-claimability-in-international-relations-oil-discoveries-territorial-claims-and-interstate-conflicts-div.pdf,https://doi.org/10.7910/DVN/DYKFEK,,not-found,lawful open-access repository or publisher OA page,Local scholarly-review excerpt; copyright remains with the publisher/authors. Not included in the portable skill archive.,heading-through-note,uppercase-label,111356547a1b4b03,1436,848,figures/APSR/APSR-F-008.png
APSR-F-009,APSR,2026,"Claimability in International Relations: Oil Discoveries, Territorial Claims, and Interstate Conflicts",10.1017/s0003055425101366,figure,3,9,Directed Acyclic Graph,network-flow,https://doi.org/10.1017/s0003055425101366,https://www.cambridge.org/core/services/aop-cambridge-core/content/view/4143DB2929EA35AAAFEAA7BAF5E1016F/S0003055425101366a.pdf/div-class-title-claimability-in-international-relations-oil-discoveries-territorial-claims-and-interstate-conflicts-div.pdf,https://doi.org/10.7910/DVN/DYKFEK,,not-found,lawful open-access repository or publisher OA page,Local scholarly-review excerpt; copyright remains with the publisher/authors. Not included in the portable skill archive.,heading-through-note,uppercase-label,23099496535497a3,1436,504,figures/APSR/APSR-F-009.png
APSR-F-010,APSR,2026,"Claimability in International Relations: Oil Discoveries, Territorial Claims, and Interstate Conflicts",10.1017/s0003055425101366,figure,8,20,Legislators’ Mentions of the East China Sea in the National Diet,time-series,https://doi.org/10.1017/s0003055425101366,https://www.cambridge.org/core/services/aop-cambridge-core/content/view/4143DB2929EA35AAAFEAA7BAF5E1016F/S0003055425101366a.pdf/div-class-title-claimability-in-international-relations-oil-discoveries-territorial-claims-and-interstate-conflicts-div.pdf,https://doi.org/10.7910/DVN/DYKFEK,,not-found,lawful open-access repository or publisher OA page,Local scholarly-review excerpt; copyright remains with the publisher/authors. Not included in the portable skill archive.,heading-through-note,uppercase-label,71301e0f3c28ac07,1436,940,figures/APSR/APSR-F-010.png
APSR-F-011,APSR,2026,Consequences of the Black Sea Slave Trade: Long-Run Development in Eastern Europe,10.1017/s0003055426101439,figure,1,6,"Frequency of Slave Raids in Eastern Europe, 1453–1774",bar-composition,https://doi.org/10.1017/s0003055426101439,https://www.cambridge.org/core/services/aop-cambridge-core/content/view/E6074298B3135E3B858CF9E64BE45F99/S0003055426101439a.pdf/div-class-title-consequences-of-the-black-sea-slave-trade-long-run-development-in-eastern-europe-div.pdf,https://doi.org/10.7910/DVN/XF0NPN,,not-found,lawful open-access repository or publisher OA page,Local scholarly-review excerpt; copyright remains with the publisher/authors. Not included in the portable skill archive.,heading-through-note,uppercase-label,c133336833736c83,1436,1164,figures/APSR/APSR-F-011.png
APSR-F-012,APSR,2026,Consequences of the Black Sea Slave Trade: Long-Run Development in Eastern Europe,10.1017/s0003055426101439,figure,2,7,Geographical Distribution of Slave Raids,map-spatial,https://doi.org/10.1017/s0003055426101439,https://www.cambridge.org/core/services/aop-cambridge-core/content/view/E6074298B3135E3B858CF9E64BE45F99/S0003055426101439a.pdf/div-class-title-consequences-of-the-black-sea-slave-trade-long-run-development-in-eastern-europe-div.pdf,https://doi.org/10.7910/DVN/XF0NPN,,not-found,lawful open-access repository or publisher OA page,Local scholarly-review excerpt; copyright remains with the publisher/authors. Not included in the portable skill archive.,heading-through-note,uppercase-label,110d0f0319111125,1436,954,figures/APSR/APSR-F-012.png
APSR-F-013,APSR,2026,Consequences of the Black Sea Slave Trade: Long-Run Development in Eastern Europe,10.1017/s0003055426101439,figure,4,13,Urban Population Analysis: Evolution of Treatment Effect Over Time,event-study,https://doi.org/10.1017/s0003055426101439,https://www.cambridge.org/core/services/aop-cambridge-core/content/view/E6074298B3135E3B858CF9E64BE45F99/S0003055426101439a.pdf/div-class-title-consequences-of-the-black-sea-slave-trade-long-run-development-in-eastern-europe-div.pdf,https://doi.org/10.7910/DVN/XF0NPN,,not-found,lawful open-access repository or publisher OA page,Local scholarly-review excerpt; copyright remains with the publisher/authors. Not included in the portable skill archive.,heading-through-note,uppercase-label,4933421262961313,1436,850,figures/APSR/APSR-F-013.png
APSR-F-014,APSR,2026,Consequences of the Black Sea Slave Trade: Long-Run Development in Eastern Europe,10.1017/s0003055426101439,figure,5,16,Distribution of Slave Raids in Imperial Russia and Austrian Galicia and Silesia,distribution-density,https://doi.org/10.1017/s0003055426101439,https://www.cambridge.org/core/services/aop-cambridge-core/content/view/E6074298B3135E3B858CF9E64BE45F99/S0003055426101439a.pdf/div-class-title-consequences-of-the-black-sea-slave-trade-long-run-development-in-eastern-europe-div.pdf,https://doi.org/10.7910/DVN/XF0NPN,,not-found,lawful open-access repository or publisher OA page,Local scholarly-review excerpt; copyright remains with the publisher/authors. Not included in the portable skill archive.,heading-through-note,uppercase-label,0517830f090d1d2d,1436,961,figures/APSR/APSR-F-014.png
APSR-F-015,APSR,2026,Political Symbols and Social Order: Confederate Monuments and Performative Violence in the Post-Reconstruction U.S. South,10.1017/s0003055425101007,figure,4,13,The Causal Effect of Confederate Monuments on Performative Violence Outcomes,coefficient-forest,https://doi.org/10.1017/s0003055425101007,https://www.cambridge.org/core/services/aop-cambridge-core/content/view/4FAC95FC7644C8D85997D724A0EAA513/S0003055425101007a.pdf/div-class-title-political-symbols-and-social-order-confederate-monuments-and-performative-violence-in-the-post-reconstruction-u-s-south-div.pdf,,,not-found,lawful open-access repository or publisher OA page,Local scholarly-review excerpt; copyright remains with the publisher/authors. Not included in the portable skill archive.,heading-through-note,uppercase-label,052da4246e850113,1436,1070,figures/APSR/APSR-F-015.png
APSR-F-016,APSR,2026,Political Symbols and Social Order: Confederate Monuments and Performative Violence in the Post-Reconstruction U.S. South,10.1017/s0003055425101007,figure,5,14,The Effect of Confederate Monuments on the Number of Lynching Events in a Period. Event Study of Group-Time Average Treatment Effect,event-study,https://doi.org/10.1017/s0003055425101007,https://www.cambridge.org/core/services/aop-cambridge-core/content/view/4FAC95FC7644C8D85997D724A0EAA513/S0003055425101007a.pdf/div-class-title-political-symbols-and-social-order-confederate-monuments-and-performative-violence-in-the-post-reconstruction-u-s-south-div.pdf,,,not-found,lawful open-access repository or publisher OA page,Local scholarly-review excerpt; copyright remains with the publisher/authors. Not included in the portable skill archive.,heading-through-note,uppercase-label,45055c2414218427,1436,1096,figures/APSR/APSR-F-016.png
APSR-F-017,APSR,2026,State-Building and Rebellion in the Run-Up to the French Revolution,10.1017/s0003055425101342,figure,2,8,The Horse-Post Relay Network,network-flow,https://doi.org/10.1017/s0003055425101342,https://www.cambridge.org/core/services/aop-cambridge-core/content/view/D89FDE5627AAE242DC2CC2D21AA132C6/S0003055425101342a.pdf/div-class-title-state-building-and-rebellion-in-the-run-up-to-the-french-revolution-div.pdf,https://doi.org/10.7910/DVN/M1XRXT,,exact-source,lawful open-access repository or publisher OA page,Local scholarly-review excerpt; copyright remains with the publisher/authors. Not included in the portable skill archive.,heading-through-note,uppercase-label,11333337333337a3,1436,851,figures/APSR/APSR-F-017.png
APSR-F-018,APSR,2026,State-Building and Rebellion in the Run-Up to the French Revolution,10.1017/s0003055425101342,figure,4,10,Annual Number of Rebellions,time-series,https://doi.org/10.1017/s0003055425101342,https://www.cambridge.org/core/services/aop-cambridge-core/content/view/D89FDE5627AAE242DC2CC2D21AA132C6/S0003055425101342a.pdf/div-class-title-state-building-and-rebellion-in-the-run-up-to-the-french-revolution-div.pdf,https://doi.org/10.7910/DVN/M1XRXT,,exact-source,lawful open-access repository or publisher OA page,Local scholarly-review excerpt; copyright remains with the publisher/authors. Not included in the portable skill archive.,heading-through-note,uppercase-label,41559e86baa2a283,1436,677,figures/APSR/APSR-F-018.png
APSR-F-019,APSR,2025,Curation Bubbles,10.1017/s0003055424000984,figure,2,10,Distribution of URL- and Domain-Level Scores Based on Sharing Behavior for Twitter and Facebook,distribution-density,https://doi.org/10.1017/s0003055424000984,https://www.cambridge.org/core/services/aop-cambridge-core/content/view/EBEBDE88633A86DFC821FE86B7708BB3/S0003055424000984a.pdf/div-class-title-curation-bubbles-div.pdf,https://doi.org/10.7910/DVN/1ONKDX,,exact-source,lawful open-access repository or publisher OA page,Local scholarly-review excerpt; copyright remains with the publisher/authors. Not included in the portable skill archive.,heading-through-note,uppercase-label,0533335559999908,1436,864,figures/APSR/APSR-F-019.png
APSR-F-020,APSR,2025,Curation Bubbles,10.1017/s0003055424000984,figure,4,12,URL Scores by Share Volume for Selected Domains on Twitter and Facebook,scatter-binned,https://doi.org/10.1017/s0003055424000984,https://www.cambridge.org/core/services/aop-cambridge-core/content/view/EBEBDE88633A86DFC821FE86B7708BB3/S0003055424000984a.pdf/div-class-title-curation-bubbles-div.pdf,https://doi.org/10.7910/DVN/1ONKDX,,exact-source,lawful open-access repository or publisher OA page,Local scholarly-review excerpt; copyright remains with the publisher/authors. Not included in the portable skill archive.,heading-fixed-figure-window,uppercase-label,232229a923290925,1436,1735,figures/APSR/APSR-F-020.png
APSR-F-021,APSR,2025,Curation Bubbles,10.1017/s0003055424000984,figure,6,14,Hand-Coded Partisan Appeal against Twitter-Based Audience Scores,scatter-binned,https://doi.org/10.1017/s0003055424000984,https://www.cambridge.org/core/services/aop-cambridge-core/content/view/EBEBDE88633A86DFC821FE86B7708BB3/S0003055424000984a.pdf/div-class-title-curation-bubbles-div.pdf,https://doi.org/10.7910/DVN/1ONKDX,,exact-source,lawful open-access repository or publisher OA page,Local scholarly-review excerpt; copyright remains with the publisher/authors. Not included in the portable skill archive.,heading-through-note,uppercase-label,090f83a32d399003,1436,880,figures/APSR/APSR-F-021.png
APSR-F-022,APSR,2025,Navigating Potential Pitfalls in Difference-in-Differences Designs: Reconciling Conflicting Findings on Mass Shootings’ Effect on Electoral Outcomes,10.1017/s0003055424000108,figure,9,15,Illustration of the Goodman–Bacon Decomposition of the TWFE Models,bar-composition,https://doi.org/10.1017/s0003055424000108,https://www.cambridge.org/core/services/aop-cambridge-core/content/view/CE32844907A6CAF6D397E85AE6A33B07/S0003055424000108a.pdf/div-class-title-navigating-potential-pitfalls-in-difference-in-differences-designs-reconciling-conflicting-findings-on-mass-shootings-effect-on-electoral-outcomes-div.pdf,https://doi.org/10.7910/DVN/GH69TI,,not-found,lawful open-access repository or publisher OA page,Local scholarly-review excerpt; copyright remains with the publisher/authors. Not included in the portable skill archive.,heading-through-note,uppercase-label,1133338999999913,1436,1033,figures/APSR/APSR-F-022.png
APSR-F-023,APSR,2025,Partisanship and Political Socialization in Electoral Autocracies,10.1017/s0003055424000261,figure,1,11,Marginal Effect of Network’s Partisanship on Individual Partisanship with Distribution of Independent Variable Along X-Axis,marginal-predicted,https://doi.org/10.1017/s0003055424000261,https://www.cambridge.org/core/services/aop-cambridge-core/content/view/6447701E63C239B8B2AD00F250E280E1/S0003055424000261a.pdf/div-class-title-partisanship-and-political-socialization-in-electoral-autocracies-div.pdf,https://doi.org/10.7910/DVN/WCTOA8,,exact-source,lawful open-access repository or publisher OA page,Local scholarly-review excerpt; copyright remains with the publisher/authors. Not included in the portable skill archive.,heading-through-note,uppercase-label,710f36223a320e03,1436,812,figures/APSR/APSR-F-023.png
APSR-F-024,APSR,2025,Reducing Prejudice toward Refugees: Evidence That Social Networks Influence Attitude Change in Uganda,10.1017/s0003055424000303,figure,8,12,"Village Networks, 1–4 in Order Top Left to Bottom Right",network-flow,https://doi.org/10.1017/s0003055424000303,https://www.cambridge.org/core/services/aop-cambridge-core/content/view/1FFE06D9EF6C259E39DF7E159E56CF48/S0003055424000303a.pdf/div-class-title-reducing-prejudice-toward-refugees-evidence-that-social-networks-influence-attitude-change-in-uganda-div.pdf,https://doi.org/10.7910/DVN/YZGMQJ,,exact-source,lawful open-access repository or publisher OA page,Local scholarly-review excerpt; copyright remains with the publisher/authors. Not included in the portable skill archive.,heading-through-note,uppercase-label,33673333a2333319,1436,1297,figures/APSR/APSR-F-024.png
APSR-F-025,APSR,2025,The Generalizability of IR Experiments beyond the United States,10.1017/s0003055424001199,figure,2,7,Steps in Selecting Countries for Replication,design-theory,https://doi.org/10.1017/s0003055424001199,https://www.cambridge.org/core/services/aop-cambridge-core/content/view/263CE4FF8EA7AAEC76A176BF3E05626C/S0003055424001199a.pdf/div-class-title-the-generalizability-of-ir-experiments-beyond-the-united-states-div.pdf,https://doi.org/10.7910/DVN/9UXYCQ,,exact-source,lawful open-access repository or publisher OA page,Local scholarly-review excerpt; copyright remains with the publisher/authors. Not included in the portable skill archive.,heading-through-note,uppercase-label,23335b7119551151,1436,1070,figures/APSR/APSR-F-025.png
AJPS-F-001,AJPS,2026,The political consequences of Africa's mobile revolution,10.1111/ajps.12991,figure,1,5,Global mobile phone subscriptions per 100 people. Note: Data from the International Telecommunications Union (1995–2021).,time-series,https://doi.org/10.1111/ajps.12991,http://eprints.lse.ac.uk/128066/1/American_J_Political_Sci_-_2025_-_Yeandle_-_The_political_consequences_of_Africa_s_mobile_revolution.pdf,https://doi.org/10.7910/DVN/VPW1CU,,exact-source,lawful open-access repository or publisher OA page,Local scholarly-review excerpt; copyright remains with the publisher/authors. Not included in the portable skill archive.,embedded-image-through-caption,uppercase-label,222d584a4864ca5b,1341,945,figures/AJPS/AJPS-F-001.png
AJPS-F-002,AJPS,2026,The political consequences of Africa's mobile revolution,10.1111/ajps.12991,figure,3,8,Visual summary of the argument and research design.,design-theory,https://doi.org/10.1111/ajps.12991,http://eprints.lse.ac.uk/128066/1/American_J_Political_Sci_-_2025_-_Yeandle_-_The_political_consequences_of_Africa_s_mobile_revolution.pdf,https://doi.org/10.7910/DVN/VPW1CU,,exact-source,lawful open-access repository or publisher OA page,Local scholarly-review excerpt; copyright remains with the publisher/authors. Not included in the portable skill archive.,heading-fixed-figure-window,uppercase-label,3111111111511135,1439,1116,figures/AJPS/AJPS-F-002.png
AJPS-F-003,AJPS,2025,"Bridging the gulf: How migration fosters tolerance, cosmopolitanism, and support for globalization",10.1111/ajps.12893,figure,6,13,", which charts the word clouds of terms used by the treatment and control groups when respond- ing to the question: “Who are the people you interact Effects of selection versus migration",distribution-density,https://doi.org/10.1111/ajps.12893,https://researchonline.lse.ac.uk/id/eprint/124344/1/American_J_Political_Sci_-_2024_-_Gaikwad_-_Bridging_the_gulf_How_migration_fosters_tolerance_cosmopolitanism_and.pdf,https://doi.org/10.7910/DVN/JSQQSR,,exact-source,lawful open-access repository or publisher OA page,Local scholarly-review excerpt; copyright remains with the publisher/authors. Not included in the portable skill archive.,embedded-image-through-caption,uppercase-label,354d313133331333,707,514,figures/AJPS/AJPS-F-003.png
AJPS-F-004,AJPS,2024,"A Costly Commitment: Populism, Economic Performance, and the Quality of Bureaucracy",10.1111/ajps.12782,figure,1,11,Average Outcomes for Municipalities in which a Populist Barely Won and Lost the Election,coefficient-forest,https://doi.org/10.1111/ajps.12782,https://kclpure.kcl.ac.uk/ws/files/297186982/A_Costly_Commitment_Populism_Bellodi_publishedonline02April2023_Gold_VOR_CC_BY_.pdf,https://doi.org/10.7910/DVN/7TEE2R,,exact-source,lawful open-access repository or publisher OA page,Local scholarly-review excerpt; copyright remains with the publisher/authors. Not included in the portable skill archive.,heading-through-note,uppercase-label,21494b4b11236d17,1436,614,figures/AJPS/AJPS-F-004.png
AJPS-F-005,AJPS,2024,"A Costly Commitment: Populism, Economic Performance, and the Quality of Bureaucracy",10.1111/ajps.12782,figure,2,13,Estimated Effect of Electing a Populist Mayor on Managers’ Departure Challenger Status and (Right-Wing) Categories Populism We present two robustness tests to further strengthen,coefficient-forest,https://doi.org/10.1111/ajps.12782,https://kclpure.kcl.ac.uk/ws/files/297186982/A_Costly_Commitment_Populism_Bellodi_publishedonline02April2023_Gold_VOR_CC_BY_.pdf,https://doi.org/10.7910/DVN/7TEE2R,,exact-source,lawful open-access repository or publisher OA page,Local scholarly-review excerpt; copyright remains with the publisher/authors. Not included in the portable skill archive.,heading-through-note,uppercase-label,31333b5959773153,1436,577,figures/AJPS/AJPS-F-005.png
AJPS-F-006,AJPS,2024,"A Costly Commitment: Populism, Economic Performance, and the Quality of Bureaucracy",10.1111/ajps.12782,figure,4,15,Estimated Results’ Sensitivity to Sequentially Removing Right-Wing Populist Parties,coefficient-forest,https://doi.org/10.1111/ajps.12782,https://kclpure.kcl.ac.uk/ws/files/297186982/A_Costly_Commitment_Populism_Bellodi_publishedonline02April2023_Gold_VOR_CC_BY_.pdf,https://doi.org/10.7910/DVN/7TEE2R,,exact-source,lawful open-access repository or publisher OA page,Local scholarly-review excerpt; copyright remains with the publisher/authors. Not included in the portable skill archive.,heading-through-note,uppercase-label,41076d414149632b,1436,736,figures/AJPS/AJPS-F-006.png
AJPS-F-007,AJPS,2024,At Any Cost: How Ukrainians Think about Self‐Defense Against Russia,10.1111/ajps.12832,figure,1,9,Survey Sample (a) and Conflict Events (b) in Ukraine,map-spatial,https://doi.org/10.1111/ajps.12832,http://eprints.lse.ac.uk/120873/1/Muller_Crepon_at_any_cost_published.pdf,https://doi.org/10.7910/DVN/B6ZNAI,,exact-source,lawful open-access repository or publisher OA page,Local scholarly-review excerpt; copyright remains with the publisher/authors. Not included in the portable skill archive.,heading-through-note,uppercase-label,071f1b0f0c1b0f0f,1436,1522,figures/AJPS/AJPS-F-007.png
AJPS-F-008,AJPS,2024,At Any Cost: How Ukrainians Think about Self‐Defense Against Russia,10.1111/ajps.12832,figure,2,10,Support for Self-Defense Strategies: AMCEs,coefficient-forest,https://doi.org/10.1111/ajps.12832,http://eprints.lse.ac.uk/120873/1/Muller_Crepon_at_any_cost_published.pdf,https://doi.org/10.7910/DVN/B6ZNAI,,exact-source,lawful open-access repository or publisher OA page,Local scholarly-review excerpt; copyright remains with the publisher/authors. Not included in the portable skill archive.,heading-through-note,uppercase-label,0f1b43424243630f,1436,1076,figures/AJPS/AJPS-F-008.png
AJPS-F-009,AJPS,2024,At Any Cost: How Ukrainians Think about Self‐Defense Against Russia,10.1111/ajps.12832,figure,3,11,Support for Self-Defense Strategies: Marginal Means,marginal-predicted,https://doi.org/10.1111/ajps.12832,http://eprints.lse.ac.uk/120873/1/Muller_Crepon_at_any_cost_published.pdf,https://doi.org/10.7910/DVN/B6ZNAI,,exact-source,lawful open-access repository or publisher OA page,Local scholarly-review excerpt; copyright remains with the publisher/authors. Not included in the portable skill archive.,heading-through-note,uppercase-label,1b5363626662630f,1436,1026,figures/AJPS/AJPS-F-009.png
AJPS-F-010,AJPS,2024,At Any Cost: How Ukrainians Think about Self‐Defense Against Russia,10.1111/ajps.12832,figure,7,16,Nested Marginal Means of Ranked Strategy Features in Categorical Decision-Making,marginal-predicted,https://doi.org/10.1111/ajps.12832,http://eprints.lse.ac.uk/120873/1/Muller_Crepon_at_any_cost_published.pdf,https://doi.org/10.7910/DVN/B6ZNAI,,exact-source,lawful open-access repository or publisher OA page,Local scholarly-review excerpt; copyright remains with the publisher/authors. Not included in the portable skill archive.,heading-through-note,uppercase-label,0b4b232121631707,1436,1229,figures/AJPS/AJPS-F-010.png
AJPS-F-011,AJPS,2024,Friendly Lobbying under Time Pressure,10.1111/ajps.12754,figure,1,7,Optimal Policies Given Signal s and Precision t,design-theory,https://doi.org/10.1111/ajps.12754,https://openaccess.city.ac.uk/id/eprint/29088/8/American%20J%20Political%20Sci%20-%202022%20-%20Awad%20-%20Friendly%20Lobbying%20under%20Time%20Pressure.pdf,,,not-found,lawful open-access repository or publisher OA page,Local scholarly-review excerpt; copyright remains with the publisher/authors. Not included in the portable skill archive.,heading-through-note,uppercase-label,030333333737330b,1436,670,figures/AJPS/AJPS-F-011.png
AJPS-F-012,AJPS,2024,Friendly Lobbying under Time Pressure,10.1111/ajps.12754,figure,4,10,Equilibrium Duration Given Waiting Proposition 1 below summarizes the lobbyist’s op- Costs timal choice. Figure 3 depicts the equilibrium lobbying strategy as a function of the cost of waiting and the me-,design-theory,https://doi.org/10.1111/ajps.12754,https://openaccess.city.ac.uk/id/eprint/29088/8/American%20J%20Political%20Sci%20-%202022%20-%20Awad%20-%20Friendly%20Lobbying%20under%20Time%20Pressure.pdf,,,not-found,lawful open-access repository or publisher OA page,Local scholarly-review excerpt; copyright remains with the publisher/authors. Not included in the portable skill archive.,heading-through-note,uppercase-label,1953430161410513,1436,670,figures/AJPS/AJPS-F-012.png
AJPS-F-013,AJPS,2024,Friendly Lobbying under Time Pressure,10.1111/ajps.12754,figure,6,13,Policy Quality Given Waiting Costs,coefficient-forest,https://doi.org/10.1111/ajps.12754,https://openaccess.city.ac.uk/id/eprint/29088/8/American%20J%20Political%20Sci%20-%202022%20-%20Awad%20-%20Friendly%20Lobbying%20under%20Time%20Pressure.pdf,,,not-found,lawful open-access repository or publisher OA page,Local scholarly-review excerpt; copyright remains with the publisher/authors. Not included in the portable skill archive.,heading-through-note,uppercase-label,070747094d2d0903,1436,572,figures/AJPS/AJPS-F-013.png
AJPS-F-014,AJPS,2026,Correcting misperceptions about ethno‐racial discrimination: The limits of evidence‐based awareness raising to promote support for equal‐treatment policies,10.1111/ajps.12933,figure,2,10,Framing. Note: Schematic representation of split screen framing.,design-theory,https://doi.org/10.1111/ajps.12933,https://curis.ku.dk/ws/files/419159574/American_J_Political_Sci_2024_Schaeffer_Correcting_misperceptions_about_ethno_racial_discrimination_The_limits_of.pdf,https://doi.org/10.7910/DVN/HRUXYI,,exact-source,lawful open-access repository or publisher OA page,Local scholarly-review excerpt; copyright remains with the publisher/authors. Not included in the portable skill archive.,embedded-image-through-caption,uppercase-label,006231d131303130,1024,618,figures/AJPS/AJPS-F-014.png
AJPS-F-015,AJPS,2025,"Communication, coordination, and surveillance in the shadow of repression",10.1111/ajps.12904,figure,1,6,Illustration of communication cases. CORNER CASES some actors sometimes but not always observe the No communication message.,network-flow,https://doi.org/10.1111/ajps.12904,https://escholarship.org/content/qt2sh0q7nn/qt2sh0q7nn.pdf,,,not-found,lawful open-access repository or publisher OA page,Local scholarly-review excerpt; copyright remains with the publisher/authors. Not included in the portable skill archive.,heading-fixed-figure-window,uppercase-label,1511555559391519,1439,1115,figures/AJPS/AJPS-F-015.png
AJPS-F-016,AJPS,2025,"Communication, coordination, and surveillance in the shadow of repression",10.1111/ajps.12904,figure,2,12,Technological adoption over time.,time-series,https://doi.org/10.1111/ajps.12904,https://escholarship.org/content/qt2sh0q7nn/qt2sh0q7nn.pdf,,,not-found,lawful open-access repository or publisher OA page,Local scholarly-review excerpt; copyright remains with the publisher/authors. Not included in the portable skill archive.,vector-region-through-caption,uppercase-label,03371319294b4327,1439,867,figures/AJPS/AJPS-F-016.png
AJPS-F-017,AJPS,2024,"Campaign Messages, Polling, and Elections: Theory and Experimental Evidence",10.1111/ajps.12722,figure,2,8,"10 We also observe that for a given citizen’s income, al- Finding a significant effect in vote counts but not election",bar-composition,https://doi.org/10.1111/ajps.12722,https://researchmgt.monash.edu/ws/files/594989582/404010599_oa.pdf,https://doi.org/10.7910/DVN/DAYSCX,,exact-source,lawful open-access repository or publisher OA page,Local scholarly-review excerpt; copyright remains with the publisher/authors. Not included in the portable skill archive.,heading-through-note,inline-label,415515155e491151,1436,795,figures/AJPS/AJPS-F-017.png
AJPS-F-018,AJPS,2024,"Campaign Messages, Polling, and Elections: Theory and Experimental Evidence",10.1111/ajps.12722,figure,3,11,Incumbent Polling versus Election Results,scatter-binned,https://doi.org/10.1111/ajps.12722,https://researchmgt.monash.edu/ws/files/594989582/404010599_oa.pdf,https://doi.org/10.7910/DVN/DAYSCX,,exact-source,lawful open-access repository or publisher OA page,Local scholarly-review excerpt; copyright remains with the publisher/authors. Not included in the portable skill archive.,heading-through-note,uppercase-label,030b1b13256d6b07,1436,752,figures/AJPS/AJPS-F-018.png
AJPS-F-019,AJPS,2024,"Campaign Messages, Polling, and Elections: Theory and Experimental Evidence",10.1111/ajps.12722,figure,5,13,Percent of Messages in Close Elections and Landslides,coefficient-forest,https://doi.org/10.1111/ajps.12722,https://researchmgt.monash.edu/ws/files/594989582/404010599_oa.pdf,https://doi.org/10.7910/DVN/DAYSCX,,exact-source,lawful open-access repository or publisher OA page,Local scholarly-review excerpt; copyright remains with the publisher/authors. Not included in the portable skill archive.,heading-through-note,uppercase-label,0b13070f2b233717,1436,680,figures/AJPS/AJPS-F-019.png
AJPS-F-020,AJPS,2024,Does Democracy Reduce Ethnic Inequality?,10.1111/ajps.12812,figure,1,6,Summary of Main Argument,design-theory,https://doi.org/10.1111/ajps.12812,https://pure.au.dk/ws/files/452874837/Does_Democracy_Reduce_Ethnic_Inequality_Final_version_2024.pdf,https://doi.org/10.7910/DVN/4UOQUR,,exact-source,lawful open-access repository or publisher OA page,Local scholarly-review excerpt; copyright remains with the publisher/authors. Not included in the portable skill archive.,heading-through-note,uppercase-label,0323070617170707,1436,445,figures/AJPS/AJPS-F-020.png
AJPS-F-021,AJPS,2024,Does Democracy Reduce Ethnic Inequality?,10.1111/ajps.12812,figure,2,8,Values for the Different Measures of Ethnic Inequality in 2000,map-spatial,https://doi.org/10.1111/ajps.12812,https://pure.au.dk/ws/files/452874837/Does_Democracy_Reduce_Ethnic_Inequality_Final_version_2024.pdf,https://doi.org/10.7910/DVN/4UOQUR,,exact-source,lawful open-access repository or publisher OA page,Local scholarly-review excerpt; copyright remains with the publisher/authors. Not included in the portable skill archive.,heading-through-note,uppercase-label,131e17063b171f37,1436,1496,figures/AJPS/AJPS-F-021.png
AJPS-F-022,AJPS,2024,Does Democracy Reduce Ethnic Inequality?,10.1111/ajps.12812,figure,3,11,"Marginal Effect of Democratic 2002). However, for the two specifications based on the Transitions Conditional on income measure and the interaction specification based",marginal-predicted,https://doi.org/10.1111/ajps.12812,https://pure.au.dk/ws/files/452874837/Does_Democracy_Reduce_Ethnic_Inequality_Final_version_2024.pdf,https://doi.org/10.7910/DVN/4UOQUR,,exact-source,lawful open-access repository or publisher OA page,Local scholarly-review excerpt; copyright remains with the publisher/authors. Not included in the portable skill archive.,heading-through-note,uppercase-label,535d3b131b535b53,1436,1327,figures/AJPS/AJPS-F-022.png
AJPS-F-023,AJPS,2024,Does Democracy Reduce Ethnic Inequality?,10.1111/ajps.12812,figure,4,13,"Event Study Plots of Democracy’s not change the main panel results, indicating that the dy- Effect on Ethnic Inequality namics between individual and ethnic inequalities differ",event-study,https://doi.org/10.1111/ajps.12812,https://pure.au.dk/ws/files/452874837/Does_Democracy_Reduce_Ethnic_Inequality_Final_version_2024.pdf,https://doi.org/10.7910/DVN/4UOQUR,,exact-source,lawful open-access repository or publisher OA page,Local scholarly-review excerpt; copyright remains with the publisher/authors. Not included in the portable skill archive.,heading-through-note,uppercase-label,335a3b1a5a1a3a73,1436,1266,figures/AJPS/AJPS-F-023.png
AJPS-F-024,AJPS,2024,Does Democracy Reduce Ethnic Inequality?,10.1111/ajps.12812,figure,5,14,Marginal Effects of Democratic Transitions on Group Economic Position Relative to Country Mean,marginal-predicted,https://doi.org/10.1111/ajps.12812,https://pure.au.dk/ws/files/452874837/Does_Democracy_Reduce_Ethnic_Inequality_Final_version_2024.pdf,https://doi.org/10.7910/DVN/4UOQUR,,exact-source,lawful open-access repository or publisher OA page,Local scholarly-review excerpt; copyright remains with the publisher/authors. Not included in the portable skill archive.,heading-through-note,uppercase-label,494ba4a4a0944b4b,1436,1060,figures/AJPS/AJPS-F-024.png
AJPS-F-025,AJPS,2024,Does Democracy Reduce Ethnic Inequality?,10.1111/ajps.12812,figure,6,15,Event Study Plots of Democracy’s Conclusion Effect on Economic and Political Discrimination This article’s findings provide grounds for cautious optimism regarding the egalitarian effects of democ-,event-study,https://doi.org/10.1111/ajps.12812,https://pure.au.dk/ws/files/452874837/Does_Democracy_Reduce_Ethnic_Inequality_Final_version_2024.pdf,https://doi.org/10.7910/DVN/4UOQUR,,exact-source,lawful open-access repository or publisher OA page,Local scholarly-review excerpt; copyright remains with the publisher/authors. Not included in the portable skill archive.,heading-through-note,uppercase-label,515b585b1a5a1b23,1436,960,figures/AJPS/AJPS-F-025.png
APSR-T-001,APSR,2026,"Black Troops, White Rage, and Political Violence in the Postbellum American South",10.1017/s0003055424001187,table,2,11,"Effect of Past Federal Troop Occupation on Lynching, 1880-1909",regression-model,https://doi.org/10.1017/s0003055424001187,https://www.cambridge.org/core/services/aop-cambridge-core/content/view/B6AB2CA8F0FF16CDAADAE6FE20C1852A/S0003055424001187a.pdf/div-class-title-black-troops-white-rage-and-political-violence-in-the-postbellum-american-south-div.pdf,https://doi.org/10.7910/DVN/PZCXQZ,,exact-source,lawful open-access repository or publisher OA page,Local scholarly-review excerpt; copyright remains with the publisher/authors. Not included in the portable skill archive.,label-through-note,uppercase-label,41640c5005051e1b,1436,618,tables/APSR/APSR-T-001.png
APSR-T-002,APSR,2026,Causal Panel Analysis under Parallel Trends: Lessons from a Large Reanalysis Study,10.1017/s0003055425000243,table,1,7,Summary of HTE-Robust Estimators,formal-theory-simulation,https://doi.org/10.1017/s0003055425000243,https://www.cambridge.org/core/services/aop-cambridge-core/content/view/219275E0CE901F099F2CFFBA07079243/S0003055425000243a.pdf/div-class-title-causal-panel-analysis-under-parallel-trends-lessons-from-a-large-reanalysis-study-div.pdf,https://doi.org/10.7910/DVN/9RJFZF,,not-found,lawful open-access repository or publisher OA page,Local scholarly-review excerpt; copyright remains with the publisher/authors. Not included in the portable skill archive.,label-fixed-table-window,uppercase-label,526b98944c8b2243,1958,752,tables/APSR/APSR-T-002.png
APSR-T-003,APSR,2026,Causal Panel Analysis under Parallel Trends: Lessons from a Large Reanalysis Study,10.1017/s0003055425000243,table,2,10,Sample Selection and Replicability of Qualified Studies,descriptive-sample,https://doi.org/10.1017/s0003055425000243,https://www.cambridge.org/core/services/aop-cambridge-core/content/view/219275E0CE901F099F2CFFBA07079243/S0003055425000243a.pdf/div-class-title-causal-panel-analysis-under-parallel-trends-lessons-from-a-large-reanalysis-study-div.pdf,https://doi.org/10.7910/DVN/9RJFZF,,not-found,lawful open-access repository or publisher OA page,Local scholarly-review excerpt; copyright remains with the publisher/authors. Not included in the portable skill archive.,label-fixed-table-window,uppercase-label,13d595959163e087,1436,1003,tables/APSR/APSR-T-003.png
APSR-T-004,APSR,2026,Causal Panel Analysis under Parallel Trends: Lessons from a Large Reanalysis Study,10.1017/s0003055425000243,table,4,18,Summary of Findings APSR AJPS JOP n,model-comparison,https://doi.org/10.1017/s0003055425000243,https://www.cambridge.org/core/services/aop-cambridge-core/content/view/219275E0CE901F099F2CFFBA07079243/S0003055425000243a.pdf/div-class-title-causal-panel-analysis-under-parallel-trends-lessons-from-a-large-reanalysis-study-div.pdf,https://doi.org/10.7910/DVN/9RJFZF,,not-found,lawful open-access repository or publisher OA page,Local scholarly-review excerpt; copyright remains with the publisher/authors. Not included in the portable skill archive.,label-through-note,uppercase-label,4549290929490903,1436,536,tables/APSR/APSR-T-004.png
APSR-T-005,APSR,2026,"Claimability in International Relations: Oil Discoveries, Territorial Claims, and Interstate Conflicts",10.1017/s0003055425101366,table,1,4,Key Concepts,measurement-coding,https://doi.org/10.1017/s0003055425101366,https://www.cambridge.org/core/services/aop-cambridge-core/content/view/4143DB2929EA35AAAFEAA7BAF5E1016F/S0003055425101366a.pdf/div-class-title-claimability-in-international-relations-oil-discoveries-territorial-claims-and-interstate-conflicts-div.pdf,https://doi.org/10.7910/DVN/DYKFEK,,not-found,lawful open-access repository or publisher OA page,Local scholarly-review excerpt; copyright remains with the publisher/authors. Not included in the portable skill archive.,label-fixed-table-window,uppercase-label,555811136e6c6c69,1436,1003,tables/APSR/APSR-T-005.png
APSR-T-006,APSR,2026,"Claimability in International Relations: Oil Discoveries, Territorial Claims, and Interstate Conflicts",10.1017/s0003055425101366,table,3,12,Effects of Giant Fuel Discoveries on MIDs,regression-model,https://doi.org/10.1017/s0003055425101366,https://www.cambridge.org/core/services/aop-cambridge-core/content/view/4143DB2929EA35AAAFEAA7BAF5E1016F/S0003055425101366a.pdf/div-class-title-claimability-in-international-relations-oil-discoveries-territorial-claims-and-interstate-conflicts-div.pdf,https://doi.org/10.7910/DVN/DYKFEK,,not-found,lawful open-access repository or publisher OA page,Local scholarly-review excerpt; copyright remains with the publisher/authors. Not included in the portable skill archive.,label-through-note,uppercase-label,11074c7d79550507,1436,484,tables/APSR/APSR-T-006.png
APSR-T-007,APSR,2026,"Claimability in International Relations: Oil Discoveries, Territorial Claims, and Interstate Conflicts",10.1017/s0003055425101366,table,4,15,Validity and Robustness Checks,model-comparison,https://doi.org/10.1017/s0003055425101366,https://www.cambridge.org/core/services/aop-cambridge-core/content/view/4143DB2929EA35AAAFEAA7BAF5E1016F/S0003055425101366a.pdf/div-class-title-claimability-in-international-relations-oil-discoveries-territorial-claims-and-interstate-conflicts-div.pdf,https://doi.org/10.7910/DVN/DYKFEK,,not-found,lawful open-access repository or publisher OA page,Local scholarly-review excerpt; copyright remains with the publisher/authors. Not included in the portable skill archive.,label-fixed-table-window,uppercase-label,4143496161416161,1436,1003,tables/APSR/APSR-T-007.png
APSR-T-008,APSR,2026,"Claimability in International Relations: Oil Discoveries, Territorial Claims, and Interstate Conflicts",10.1017/s0003055425101366,table,5,16,Effects by MID Categories,crosstab-classification,https://doi.org/10.1017/s0003055425101366,https://www.cambridge.org/core/services/aop-cambridge-core/content/view/4143DB2929EA35AAAFEAA7BAF5E1016F/S0003055425101366a.pdf/div-class-title-claimability-in-international-relations-oil-discoveries-territorial-claims-and-interstate-conflicts-div.pdf,https://doi.org/10.7910/DVN/DYKFEK,,not-found,lawful open-access repository or publisher OA page,Local scholarly-review excerpt; copyright remains with the publisher/authors. Not included in the portable skill archive.,label-through-note,uppercase-label,2107445d490d0343,1436,438,tables/APSR/APSR-T-008.png
APSR-T-009,APSR,2026,Consequences of the Black Sea Slave Trade: Long-Run Development in Eastern Europe,10.1017/s0003055426101439,table,1,12,Slave Raids and Urban Population Growth: Difference-in-Differences Estimates,regression-model,https://doi.org/10.1017/s0003055426101439,https://www.cambridge.org/core/services/aop-cambridge-core/content/view/E6074298B3135E3B858CF9E64BE45F99/S0003055426101439a.pdf/div-class-title-consequences-of-the-black-sea-slave-trade-long-run-development-in-eastern-europe-div.pdf,https://doi.org/10.7910/DVN/XF0NPN,,not-found,lawful open-access repository or publisher OA page,Local scholarly-review excerpt; copyright remains with the publisher/authors. Not included in the portable skill archive.,label-through-note,uppercase-label,1549895546451e1b,1436,653,tables/APSR/APSR-T-009.png
APSR-T-010,APSR,2026,Consequences of the Black Sea Slave Trade: Long-Run Development in Eastern Europe,10.1017/s0003055426101439,table,3,17,Slave Raids and Development Outcomes in Imperial Russia and Austria: Instrumental Variables Estimates,measurement-coding,https://doi.org/10.1017/s0003055426101439,https://www.cambridge.org/core/services/aop-cambridge-core/content/view/E6074298B3135E3B858CF9E64BE45F99/S0003055426101439a.pdf/div-class-title-consequences-of-the-black-sea-slave-trade-long-run-development-in-eastern-europe-div.pdf,https://doi.org/10.7910/DVN/XF0NPN,,not-found,lawful open-access repository or publisher OA page,Local scholarly-review excerpt; copyright remains with the publisher/authors. Not included in the portable skill archive.,label-through-note,uppercase-label,592d6d55251c5451,1436,1076,tables/APSR/APSR-T-010.png
APSR-T-011,APSR,2026,Consequences of the Black Sea Slave Trade: Long-Run Development in Eastern Europe,10.1017/s0003055426101439,table,4,19,"Slave Raids, Fortification Construction, and Castle Ownership in Poland–Lithuania: Difference-in-Differences Estimates",regression-model,https://doi.org/10.1017/s0003055426101439,https://www.cambridge.org/core/services/aop-cambridge-core/content/view/E6074298B3135E3B858CF9E64BE45F99/S0003055426101439a.pdf/div-class-title-consequences-of-the-black-sea-slave-trade-long-run-development-in-eastern-europe-div.pdf,https://doi.org/10.7910/DVN/XF0NPN,,not-found,lawful open-access repository or publisher OA page,Local scholarly-review excerpt; copyright remains with the publisher/authors. Not included in the portable skill archive.,label-through-note,uppercase-label,212c0e6f21062513,1436,1018,tables/APSR/APSR-T-011.png
APSR-T-012,APSR,2026,State-Building and Rebellion in the Run-Up to the French Revolution,10.1017/s0003055425101342,table,2,15,Average Total Effect of New Horse-Post Relays on Rebellions,regression-model,https://doi.org/10.1017/s0003055425101342,https://www.cambridge.org/core/services/aop-cambridge-core/content/view/D89FDE5627AAE242DC2CC2D21AA132C6/S0003055425101342a.pdf/div-class-title-state-building-and-rebellion-in-the-run-up-to-the-french-revolution-div.pdf,https://doi.org/10.7910/DVN/M1XRXT,,exact-source,lawful open-access repository or publisher OA page,Local scholarly-review excerpt; copyright remains with the publisher/authors. Not included in the portable skill archive.,label-through-note,uppercase-label,514c4d0c496c1c1b,1436,743,tables/APSR/APSR-T-012.png
APSR-T-013,APSR,2026,State-Building and Rebellion in the Run-Up to the French Revolution,10.1017/s0003055425101342,table,3,16,assesses the robustness of our main results. slightly to 0.022 but remains significant at the 1% level These tests build on the full specification reported in and consistent with the baseline.,model-comparison,https://doi.org/10.1017/s0003055425101342,https://www.cambridge.org/core/services/aop-cambridge-core/content/view/D89FDE5627AAE242DC2CC2D21AA132C6/S0003055425101342a.pdf/div-class-title-state-building-and-rebellion-in-the-run-up-to-the-french-revolution-div.pdf,https://doi.org/10.7910/DVN/M1XRXT,,exact-source,lawful open-access repository or publisher OA page,Local scholarly-review excerpt; copyright remains with the publisher/authors. Not included in the portable skill archive.,label-fixed-table-window,inline-label,51513151331d1111,1436,826,tables/APSR/APSR-T-013.png
APSR-T-014,APSR,2025,Partisanship and Political Socialization in Electoral Autocracies,10.1017/s0003055424000261,table,1,6,Description of the 12 Core Research Subjects Name Partisanship Hometown Gender Age Ethnicity Socioeconomic status,case-qualitative,https://doi.org/10.1017/s0003055424000261,https://www.cambridge.org/core/services/aop-cambridge-core/content/view/6447701E63C239B8B2AD00F250E280E1/S0003055424000261a.pdf/div-class-title-partisanship-and-political-socialization-in-electoral-autocracies-div.pdf,https://doi.org/10.7910/DVN/WCTOA8,,exact-source,lawful open-access repository or publisher OA page,Local scholarly-review excerpt; copyright remains with the publisher/authors. Not included in the portable skill archive.,label-fixed-table-window,uppercase-label,5151517178243547,1436,1003,tables/APSR/APSR-T-014.png
APSR-T-015,APSR,2025,Partisanship and Political Socialization in Electoral Autocracies,10.1017/s0003055424000261,table,2,9,Descriptive Statistics of Network Characteristics Minimum value Maximum value Average Standard deviation,descriptive-sample,https://doi.org/10.1017/s0003055424000261,https://www.cambridge.org/core/services/aop-cambridge-core/content/view/6447701E63C239B8B2AD00F250E280E1/S0003055424000261a.pdf/div-class-title-partisanship-and-political-socialization-in-electoral-autocracies-div.pdf,https://doi.org/10.7910/DVN/WCTOA8,,exact-source,lawful open-access repository or publisher OA page,Local scholarly-review excerpt; copyright remains with the publisher/authors. Not included in the portable skill archive.,label-fixed-table-window,uppercase-label,1531735111191d47,1436,1003,tables/APSR/APSR-T-015.png
APSR-T-016,APSR,2025,Partisanship and Political Socialization in Electoral Autocracies,10.1017/s0003055424000261,table,3,10,Correlates of Generalized Partisanship,regression-model,https://doi.org/10.1017/s0003055424000261,https://www.cambridge.org/core/services/aop-cambridge-core/content/view/6447701E63C239B8B2AD00F250E280E1/S0003055424000261a.pdf/div-class-title-partisanship-and-political-socialization-in-electoral-autocracies-div.pdf,https://doi.org/10.7910/DVN/WCTOA8,,exact-source,lawful open-access repository or publisher OA page,Local scholarly-review excerpt; copyright remains with the publisher/authors. Not included in the portable skill archive.,label-through-note,uppercase-label,212c783171496923,1436,694,tables/APSR/APSR-T-016.png
APSR-T-017,APSR,2025,Reducing Prejudice toward Refugees: Evidence That Social Networks Influence Attitude Change in Uganda,10.1017/s0003055424000303,table,1,7,Village Characteristics Vlg 1 Vlg 2 Vlg 3 Vlg 4 All,descriptive-sample,https://doi.org/10.1017/s0003055424000303,https://www.cambridge.org/core/services/aop-cambridge-core/content/view/1FFE06D9EF6C259E39DF7E159E56CF48/S0003055424000303a.pdf/div-class-title-reducing-prejudice-toward-refugees-evidence-that-social-networks-influence-attitude-change-in-uganda-div.pdf,https://doi.org/10.7910/DVN/YZGMQJ,,exact-source,lawful open-access repository or publisher OA page,Local scholarly-review excerpt; copyright remains with the publisher/authors. Not included in the portable skill archive.,label-through-note,uppercase-label,0154141456160603,1436,605,tables/APSR/APSR-T-017.png
APSR-T-018,APSR,2025,Reducing Prejudice toward Refugees: Evidence That Social Networks Influence Attitude Change in Uganda,10.1017/s0003055424000303,table,3,8,Average Treatment Effect on the Treated Separated by Village and Pooled V1 V2 V3 V4 All,treatment-effects,https://doi.org/10.1017/s0003055424000303,https://www.cambridge.org/core/services/aop-cambridge-core/content/view/1FFE06D9EF6C259E39DF7E159E56CF48/S0003055424000303a.pdf/div-class-title-reducing-prejudice-toward-refugees-evidence-that-social-networks-influence-attitude-change-in-uganda-div.pdf,https://doi.org/10.7910/DVN/YZGMQJ,,exact-source,lawful open-access repository or publisher OA page,Local scholarly-review excerpt; copyright remains with the publisher/authors. Not included in the portable skill archive.,label-fixed-table-window,uppercase-label,0059198695cd0d1b,1436,665,tables/APSR/APSR-T-018.png
APSR-T-019,APSR,2025,Reducing Prejudice toward Refugees: Evidence That Social Networks Influence Attitude Change in Uganda,10.1017/s0003055424000303,table,4,11,computes a measure of network difference for SOCIAL PROCESSING every respondent in the network. This measure calcu- lates the sum of the absolute differences between the,measurement-coding,https://doi.org/10.1017/s0003055424000303,https://www.cambridge.org/core/services/aop-cambridge-core/content/view/1FFE06D9EF6C259E39DF7E159E56CF48/S0003055424000303a.pdf/div-class-title-reducing-prejudice-toward-refugees-evidence-that-social-networks-influence-attitude-change-in-uganda-div.pdf,https://doi.org/10.7910/DVN/YZGMQJ,,exact-source,lawful open-access repository or publisher OA page,Local scholarly-review excerpt; copyright remains with the publisher/authors. Not included in the portable skill archive.,label-fixed-table-window,inline-label,4111115951515159,1436,1001,tables/APSR/APSR-T-019.png
APSR-T-020,APSR,2025,Reducing Prejudice toward Refugees: Evidence That Social Networks Influence Attitude Change in Uganda,10.1017/s0003055424000303,table,5,13,Spillover Analyses DV: Endline pro-refugee score,regression-model,https://doi.org/10.1017/s0003055424000303,https://www.cambridge.org/core/services/aop-cambridge-core/content/view/1FFE06D9EF6C259E39DF7E159E56CF48/S0003055424000303a.pdf/div-class-title-reducing-prejudice-toward-refugees-evidence-that-social-networks-influence-attitude-change-in-uganda-div.pdf,https://doi.org/10.7910/DVN/YZGMQJ,,exact-source,lawful open-access repository or publisher OA page,Local scholarly-review excerpt; copyright remains with the publisher/authors. Not included in the portable skill archive.,label-through-note,uppercase-label,004e655944164e19,1436,1054,tables/APSR/APSR-T-020.png
APSR-T-021,APSR,2025,The American Viewer: Political Consequences of Entertainment Media,10.1017/s0003055424000728,table,1,7,The Apprentice Viewership and Attitudes toward Trump (1) (2) (3) (4) Support Trump believes in his Trump cares about Do not mind the Access Trump policies people like me Hollywood tape,regression-model,https://doi.org/10.1017/s0003055424000728,https://www.cambridge.org/core/services/aop-cambridge-core/content/view/A0BADA28D5C551DE4EEBDAAAE33B76E8/S0003055424000728a.pdf/div-class-title-the-american-viewer-political-consequences-of-entertainment-media-div.pdf,https://doi.org/10.7910/DVN/EWXQQH,,exact-source,lawful open-access repository or publisher OA page,Local scholarly-review excerpt; copyright remains with the publisher/authors. Not included in the portable skill archive.,label-through-note,uppercase-label,095154555557560b,1436,564,tables/APSR/APSR-T-021.png
APSR-T-022,APSR,2025,The American Viewer: Political Consequences of Entertainment Media,10.1017/s0003055424000728,table,2,9,The Apprentice Effect on Trump Vote Share Trump vote share,regression-model,https://doi.org/10.1017/s0003055424000728,https://www.cambridge.org/core/services/aop-cambridge-core/content/view/A0BADA28D5C551DE4EEBDAAAE33B76E8/S0003055424000728a.pdf/div-class-title-the-american-viewer-political-consequences-of-entertainment-media-div.pdf,https://doi.org/10.7910/DVN/EWXQQH,,exact-source,lawful open-access repository or publisher OA page,Local scholarly-review excerpt; copyright remains with the publisher/authors. Not included in the portable skill archive.,label-through-note,uppercase-label,0954545925563623,1436,631,tables/APSR/APSR-T-022.png
APSR-T-023,APSR,2025,The Generalizability of IR Experiments beyond the United States,10.1017/s0003055424001199,table,1,6,Theoretical Components of Our Studies,case-qualitative,https://doi.org/10.1017/s0003055424001199,https://www.cambridge.org/core/services/aop-cambridge-core/content/view/263CE4FF8EA7AAEC76A176BF3E05626C/S0003055424001199a.pdf/div-class-title-the-generalizability-of-ir-experiments-beyond-the-united-states-div.pdf,https://doi.org/10.7910/DVN/9UXYCQ,,exact-source,lawful open-access repository or publisher OA page,Local scholarly-review excerpt; copyright remains with the publisher/authors. Not included in the portable skill archive.,label-through-note,uppercase-label,41292b4b2b296b23,1436,536,tables/APSR/APSR-T-023.png
APSR-T-024,APSR,2025,The Generalizability of IR Experiments beyond the United States,10.1017/s0003055424001199,table,2,13,"Results for Tests of Systematic of results discussed above, where treatment effects are Treatment Effect Heterogeneity Developed by largely homogeneous, with results from AC extension,",treatment-effects,https://doi.org/10.1017/s0003055424001199,https://www.cambridge.org/core/services/aop-cambridge-core/content/view/263CE4FF8EA7AAEC76A176BF3E05626C/S0003055424001199a.pdf/div-class-title-the-generalizability-of-ir-experiments-beyond-the-united-states-div.pdf,https://doi.org/10.7910/DVN/9UXYCQ,,exact-source,lawful open-access repository or publisher OA page,Local scholarly-review excerpt; copyright remains with the publisher/authors. Not included in the portable skill archive.,label-through-note,uppercase-label,1519185c10165971,1436,567,tables/APSR/APSR-T-024.png
APSR-T-025,APSR,2024,"Refugee Networks, Cooperation, and Resource Access",10.1017/s0003055423001107,table,1,10,"Group-Level Effects resources in Table 2 are binary variables, and each indicates whether at least one respondent stated that https://doi.org/10.1017/S0003055423001107 Published online by Cambridge University Press",measurement-coding,https://doi.org/10.1017/s0003055423001107,https://www.cambridge.org/core/services/aop-cambridge-core/content/view/55EB5D416D09DD47069132B471408F5E/S0003055423001107a.pdf/div-class-title-refugee-networks-cooperation-and-resource-access-div.pdf,https://doi.org/10.7910/DVN/IZWS10,,exact-source,lawful open-access repository or publisher OA page,Local scholarly-review excerpt; copyright remains with the publisher/authors. Not included in the portable skill archive.,label-through-note,uppercase-label,80191901311a5f5b,1436,701,tables/APSR/APSR-T-025.png
AJPS-T-001,AJPS,2025,Authoritarian cue effect of state repression,10.1111/ajps.12916,table,2,8,"presented later, indicating that the robustness of the finding is unaf- fected by the measurement scale. Rescaling results are available upon request shed light on their political attitudes. This result shows",model-comparison,https://doi.org/10.1111/ajps.12916,http://hub.hku.hk/bitstream/10722/351133/1/content.pdf,https://doi.org/10.7910/DVN/1L325J,,exact-source,lawful open-access repository or publisher OA page,Local scholarly-review excerpt; copyright remains with the publisher/authors. Not included in the portable skill archive.,full-page-fallback,label-not-found,1131111141115151,1439,1894,tables/AJPS/AJPS-T-001.png
AJPS-T-002,AJPS,2025,Emigration and radical right populism,10.1111/ajps.12852,table,1,11,for additional covariates. municipality level. See Table 1 for additional covariates. † † p < .1; ∗ p < .05; ∗∗ p < .01. p < .1; ∗ p < .05; ∗∗ p < .01.,balance-randomization,https://doi.org/10.1111/ajps.12852,https://su.diva-portal.org/smash/get/diva2:1851963/FULLTEXT01,https://doi.org/10.7910/DVN/8NEL7B,,exact-source,lawful open-access repository or publisher OA page,Local scholarly-review excerpt; copyright remains with the publisher/authors. Not included in the portable skill archive.,label-fixed-table-window,inline-label,0055511351113555,1439,597,tables/AJPS/AJPS-T-002.png
AJPS-T-003,AJPS,2025,Emigration and radical right populism,10.1111/ajps.12852,table,6,11,mirrors our Table 1 baseline specifica- in municipalities with low to medium population tion (though using municipality-level fixed effects). It,regression-model,https://doi.org/10.1111/ajps.12852,https://su.diva-portal.org/smash/get/diva2:1851963/FULLTEXT01,https://doi.org/10.7910/DVN/8NEL7B,,exact-source,lawful open-access repository or publisher OA page,Local scholarly-review excerpt; copyright remains with the publisher/authors. Not included in the portable skill archive.,label-through-note,uppercase-label,311144ce4c466353,1439,754,tables/AJPS/AJPS-T-003.png
AJPS-T-004,AJPS,2025,The public agglomeration effect: Urban–rural divisions in government efficiency and political preferences,10.1111/ajps.70023,table,1,13,Table 1,regression-model,https://doi.org/10.1111/ajps.70023,https://kclpure.kcl.ac.uk/ws/files/362778470/The_public_agglomeration_effect_Version_of_Record.pdf,https://doi.org/10.7910/DVN/XO4H3J,,exact-source,lawful open-access repository or publisher OA page,Local scholarly-review excerpt; copyright remains with the publisher/authors. Not included in the portable skill archive.,label-fixed-table-window,inline-label,5839312511510306,1439,583,tables/AJPS/AJPS-T-004.png
AJPS-T-005,AJPS,2025,The public agglomeration effect: Urban–rural divisions in government efficiency and political preferences,10.1111/ajps.70023,table,3,16,"examines the emergence of the urban– New Democratic Party, and set up a number of wel- rural divide in the United Kingdom. In Models (1) fare programs, including a single-payer health system",regression-model,https://doi.org/10.1111/ajps.70023,https://kclpure.kcl.ac.uk/ws/files/362778470/The_public_agglomeration_effect_Version_of_Record.pdf,https://doi.org/10.7910/DVN/XO4H3J,,exact-source,lawful open-access repository or publisher OA page,Local scholarly-review excerpt; copyright remains with the publisher/authors. Not included in the portable skill archive.,label-through-note,uppercase-label,5177362c4546c381,1439,566,tables/AJPS/AJPS-T-005.png
AJPS-T-006,AJPS,2024,"A Costly Commitment: Populism, Economic Performance, and the Quality of Bureaucracy",10.1111/ajps.12782,table,1,9,Descriptive Statistics of Main Variables in the Full Data Set and in the Municipalities in which a Populist Ran,descriptive-sample,https://doi.org/10.1111/ajps.12782,https://kclpure.kcl.ac.uk/ws/files/297186982/A_Costly_Commitment_Populism_Bellodi_publishedonline02April2023_Gold_VOR_CC_BY_.pdf,https://doi.org/10.7910/DVN/7TEE2R,,exact-source,lawful open-access repository or publisher OA page,Local scholarly-review excerpt; copyright remains with the publisher/authors. Not included in the portable skill archive.,label-through-note,uppercase-label,05ada4a4a1a5ad23,1436,1134,tables/AJPS/AJPS-T-006.png
AJPS-T-007,AJPS,2024,"A Costly Commitment: Populism, Economic Performance, and the Quality of Bureaucracy",10.1111/ajps.12782,table,2,12,Regression Discontinuity Results for Economic Performance and Bureaucratic Quality Outcomes,regression-model,https://doi.org/10.1111/ajps.12782,https://kclpure.kcl.ac.uk/ws/files/297186982/A_Costly_Commitment_Populism_Bellodi_publishedonline02April2023_Gold_VOR_CC_BY_.pdf,https://doi.org/10.7910/DVN/7TEE2R,,exact-source,lawful open-access repository or publisher OA page,Local scholarly-review excerpt; copyright remains with the publisher/authors. Not included in the portable skill archive.,label-through-note,uppercase-label,5331b294b3666511,1436,548,tables/AJPS/AJPS-T-007.png
AJPS-T-008,AJPS,2024,"A Costly Commitment: Populism, Economic Performance, and the Quality of Bureaucracy",10.1111/ajps.12782,table,3,13,Managers’ Departure Categories,crosstab-classification,https://doi.org/10.1111/ajps.12782,https://kclpure.kcl.ac.uk/ws/files/297186982/A_Costly_Commitment_Populism_Bellodi_publishedonline02April2023_Gold_VOR_CC_BY_.pdf,https://doi.org/10.7910/DVN/7TEE2R,,exact-source,lawful open-access repository or publisher OA page,Local scholarly-review excerpt; copyright remains with the publisher/authors. Not included in the portable skill archive.,label-through-note,uppercase-label,11818191a13c3b01,1436,561,tables/AJPS/AJPS-T-008.png
AJPS-T-009,AJPS,2024,At Any Cost: How Ukrainians Think about Self‐Defense Against Russia,10.1111/ajps.12832,table,1,7,Conjoint Experiment: Attribute Levels,measurement-coding,https://doi.org/10.1111/ajps.12832,http://eprints.lse.ac.uk/120873/1/Muller_Crepon_at_any_cost_published.pdf,https://doi.org/10.7910/DVN/B6ZNAI,,exact-source,lawful open-access repository or publisher OA page,Local scholarly-review excerpt; copyright remains with the publisher/authors. Not included in the portable skill archive.,label-fixed-table-window,uppercase-label,1555115155555545,1436,992,tables/AJPS/AJPS-T-009.png
AJPS-T-010,AJPS,2024,At Any Cost: How Ukrainians Think about Self‐Defense Against Russia,10.1111/ajps.12832,table,2,11,Linear Extrapolation of AMCEs,regression-model,https://doi.org/10.1111/ajps.12832,http://eprints.lse.ac.uk/120873/1/Muller_Crepon_at_any_cost_published.pdf,https://doi.org/10.7910/DVN/B6ZNAI,,exact-source,lawful open-access repository or publisher OA page,Local scholarly-review excerpt; copyright remains with the publisher/authors. Not included in the portable skill archive.,label-fixed-table-window,uppercase-label,042aaaaaaa2a6483,1436,566,tables/AJPS/AJPS-T-010.png
AJPS-T-011,AJPS,2024,"Campaign Messages, Polling, and Elections: Theory and Experimental Evidence",10.1111/ajps.12722,table,1,6,Experiment Information,treatment-effects,https://doi.org/10.1111/ajps.12722,https://researchmgt.monash.edu/ws/files/594989582/404010599_oa.pdf,https://doi.org/10.7910/DVN/DAYSCX,,exact-source,lawful open-access repository or publisher OA page,Local scholarly-review excerpt; copyright remains with the publisher/authors. Not included in the portable skill archive.,label-through-note,uppercase-label,150989896d061303,1436,438,tables/AJPS/AJPS-T-011.png
AJPS-T-012,AJPS,2024,"Campaign Messages, Polling, and Elections: Theory and Experimental Evidence",10.1111/ajps.12722,table,2,7,Salaries and Incomes,formal-theory-simulation,https://doi.org/10.1111/ajps.12722,https://researchmgt.monash.edu/ws/files/594989582/404010599_oa.pdf,https://doi.org/10.7910/DVN/DAYSCX,,exact-source,lawful open-access repository or publisher OA page,Local scholarly-review excerpt; copyright remains with the publisher/authors. Not included in the portable skill archive.,label-through-note,uppercase-label,1127272727276d69,1436,807,tables/AJPS/AJPS-T-012.png
AJPS-T-013,AJPS,2024,"Campaign Messages, Polling, and Elections: Theory and Experimental Evidence",10.1111/ajps.12722,table,3,8,Tobits: Salary and Income,model-comparison,https://doi.org/10.1111/ajps.12722,https://researchmgt.monash.edu/ws/files/594989582/404010599_oa.pdf,https://doi.org/10.7910/DVN/DAYSCX,,exact-source,lawful open-access repository or publisher OA page,Local scholarly-review excerpt; copyright remains with the publisher/authors. Not included in the portable skill archive.,label-through-note,uppercase-label,21656c6e6d6d6d63,1436,947,tables/AJPS/AJPS-T-013.png
AJPS-T-014,AJPS,2024,"Campaign Messages, Polling, and Elections: Theory and Experimental Evidence",10.1111/ajps.12722,table,4,8,Election Outcomes,crosstab-classification,https://doi.org/10.1111/ajps.12722,https://researchmgt.monash.edu/ws/files/594989582/404010599_oa.pdf,https://doi.org/10.7910/DVN/DAYSCX,,exact-source,lawful open-access repository or publisher OA page,Local scholarly-review excerpt; copyright remains with the publisher/authors. Not included in the portable skill archive.,label-through-note,uppercase-label,4145542515574f29,1436,597,tables/AJPS/AJPS-T-014.png
AJPS-T-015,AJPS,2024,"Campaign Messages, Polling, and Elections: Theory and Experimental Evidence",10.1111/ajps.12722,table,5,9,Probits: Poll and Election Outcomes,treatment-effects,https://doi.org/10.1111/ajps.12722,https://researchmgt.monash.edu/ws/files/594989582/404010599_oa.pdf,https://doi.org/10.7910/DVN/DAYSCX,,exact-source,lawful open-access repository or publisher OA page,Local scholarly-review excerpt; copyright remains with the publisher/authors. Not included in the portable skill archive.,label-through-note,uppercase-label,01a5b4b4b5b53727,1436,842,tables/AJPS/AJPS-T-015.png
AJPS-T-016,AJPS,2024,"Campaign Messages, Polling, and Elections: Theory and Experimental Evidence",10.1111/ajps.12722,table,6,10,"highlights an important difference between polls forecast the election result well, with the straw-poll increasing variance and allowing campaign messages. In winner winning the subsequent election 92.1% of the",model-comparison,https://doi.org/10.1111/ajps.12722,https://researchmgt.monash.edu/ws/files/594989582/404010599_oa.pdf,https://doi.org/10.7910/DVN/DAYSCX,,exact-source,lawful open-access repository or publisher OA page,Local scholarly-review excerpt; copyright remains with the publisher/authors. Not included in the portable skill archive.,label-through-note,uppercase-label,090da8c801392101,1436,409,tables/AJPS/AJPS-T-016.png
AJPS-T-017,AJPS,2024,"Campaign Messages, Polling, and Elections: Theory and Experimental Evidence",10.1111/ajps.12722,table,7,12,Tobits: Effects of Messages on Polling,treatment-effects,https://doi.org/10.1111/ajps.12722,https://researchmgt.monash.edu/ws/files/594989582/404010599_oa.pdf,https://doi.org/10.7910/DVN/DAYSCX,,exact-source,lawful open-access repository or publisher OA page,Local scholarly-review excerpt; copyright remains with the publisher/authors. Not included in the portable skill archive.,label-through-note,uppercase-label,015c0c5959092941,1436,1021,tables/AJPS/AJPS-T-017.png
AJPS-T-018,AJPS,2024,"Campaign Messages, Polling, and Elections: Theory and Experimental Evidence",10.1111/ajps.12722,table,8,14,Probits: Factors Affecting Message Characteristics,descriptive-sample,https://doi.org/10.1111/ajps.12722,https://researchmgt.monash.edu/ws/files/594989582/404010599_oa.pdf,https://doi.org/10.7910/DVN/DAYSCX,,exact-source,lawful open-access repository or publisher OA page,Local scholarly-review excerpt; copyright remains with the publisher/authors. Not included in the portable skill archive.,label-through-note,uppercase-label,011d4919492c1c4d,1436,1310,tables/AJPS/AJPS-T-018.png
AJPS-T-019,AJPS,2024,"Campaign Messages, Polling, and Elections: Theory and Experimental Evidence",10.1111/ajps.12722,table,9,16,Probits: Noncandidates’ Responses to Messages,regression-model,https://doi.org/10.1111/ajps.12722,https://researchmgt.monash.edu/ws/files/594989582/404010599_oa.pdf,https://doi.org/10.7910/DVN/DAYSCX,,exact-source,lawful open-access repository or publisher OA page,Local scholarly-review excerpt; copyright remains with the publisher/authors. Not included in the portable skill archive.,label-through-note,uppercase-label,05a1a1a1a1b52527,1436,1231,tables/AJPS/AJPS-T-019.png
AJPS-T-020,AJPS,2024,Does Democracy Reduce Ethnic Inequality?,10.1111/ajps.12812,table,1,10,Effect of Democracy on Ethnic Inequality,regression-model,https://doi.org/10.1111/ajps.12812,https://pure.au.dk/ws/files/452874837/Does_Democracy_Reduce_Ethnic_Inequality_Final_version_2024.pdf,https://doi.org/10.7910/DVN/4UOQUR,,exact-source,lawful open-access repository or publisher OA page,Local scholarly-review excerpt; copyright remains with the publisher/authors. Not included in the portable skill archive.,label-through-note,uppercase-label,0910181631393625,1436,1105,tables/AJPS/AJPS-T-020.png
AJPS-T-021,AJPS,2024,Does Democracy Reduce Ethnic Inequality?,10.1111/ajps.12812,table,2,12,Effect of Democracy on Ethnic Inequality Using IV Estimation,regression-model,https://doi.org/10.1111/ajps.12812,https://pure.au.dk/ws/files/452874837/Does_Democracy_Reduce_Ethnic_Inequality_Final_version_2024.pdf,https://doi.org/10.7910/DVN/4UOQUR,,exact-source,lawful open-access repository or publisher OA page,Local scholarly-review excerpt; copyright remains with the publisher/authors. Not included in the portable skill archive.,label-through-note,uppercase-label,1919101531117605,1436,1066,tables/AJPS/AJPS-T-021.png
AJPS-T-022,AJPS,2026,Mitigating tough times? How material self‐interest influences citizens' welfare state behavior,10.1111/ajps.12978,table,1,7,The relationship between workplace risk exposure and unemployment insurance membership.,regression-model,https://doi.org/10.1111/ajps.12978,https://pure.au.dk/ws/files/442038852/American_J_Political_Sci_-_2025_-_Christensen_-_Mitigating_tough_times_How_material_self_interest_influences_citizens_.pdf,https://doi.org/10.7910/DVN/9TKY1T,,not-found,lawful open-access repository or publisher OA page,Local scholarly-review excerpt; copyright remains with the publisher/authors. Not included in the portable skill archive.,label-through-note,uppercase-label,010324a424295717,1439,540,tables/AJPS/AJPS-T-022.png
AJPS-T-023,AJPS,2026,Mitigating tough times? How material self‐interest influences citizens' welfare state behavior,10.1111/ajps.12978,table,2,8,"The relationship between workplace risk exposure and unemployment insurance membership, including lead variable.",regression-model,https://doi.org/10.1111/ajps.12978,https://pure.au.dk/ws/files/442038852/American_J_Political_Sci_-_2025_-_Christensen_-_Mitigating_tough_times_How_material_self_interest_influences_citizens_.pdf,https://doi.org/10.7910/DVN/9TKY1T,,not-found,lawful open-access repository or publisher OA page,Local scholarly-review excerpt; copyright remains with the publisher/authors. Not included in the portable skill archive.,label-through-note,uppercase-label,0154d4d4d5d5d557,1439,654,tables/AJPS/AJPS-T-023.png
AJPS-T-024,AJPS,2026,Mitigating tough times? How material self‐interest influences citizens' welfare state behavior,10.1111/ajps.12978,table,3,12,The relationship between an extended mass layoff event and unemployment insurance membership for 2010 group.,regression-model,https://doi.org/10.1111/ajps.12978,https://pure.au.dk/ws/files/442038852/American_J_Political_Sci_-_2025_-_Christensen_-_Mitigating_tough_times_How_material_self_interest_influences_citizens_.pdf,https://doi.org/10.7910/DVN/9TKY1T,,not-found,lawful open-access repository or publisher OA page,Local scholarly-review excerpt; copyright remains with the publisher/authors. Not included in the portable skill archive.,label-through-note,uppercase-label,10a4a42626265457,1439,981,tables/AJPS/AJPS-T-024.png
AJPS-T-025,AJPS,2025,Shaping states into nations: The effects of ethnic geography on state borders,10.1111/ajps.12838,table,1,10,"Determinants of state borders in Europe, 1886–2011.",regression-model,https://doi.org/10.1111/ajps.12838,http://eprints.lse.ac.uk/120409/1/American_J_Political_Sci_2024_M_ller_Crepon_Shaping_states_into_nations_The_effects_of_ethnic_geography_on_state.pdf,https://doi.org/10.7910/DVN/T1NXVQ,,exact-source,lawful open-access repository or publisher OA page,Local scholarly-review excerpt; copyright remains with the publisher/authors. Not included in the portable skill archive.,label-through-note,uppercase-label,1519114545012165,1439,764,tables/AJPS/AJPS-T-025.png
